ID_Persona,Nombre,FechaNacimiento,Email,Genero,Ciudad,Pais
1,Alexa Lockley,1998-09-08,alockley0@icq.com,Female,Silver Spring,United States
3,Mollee Villa,1997-12-06,mvilla2@wordpress.com,Female,New Orleans,United States
4,Chevy Jackes,1999-09-12,cjackes3@twitter.com,Male,Phoenix,United States
6,Nelly Claasen,1999-05-06,nclaasen5@google.cn,Female,Sacramento,United States
8,Theressa Spatari,2000-10-04,tspatari7@nature.com,Female,Washington,United States
9,Cly Minter,2000-01-01,cminter8@noaa.gov,Male,Nashville,United States
11,Bevon Slowey,1998-06-08,bsloweya@dailymail.co.uk,Male,Dallas,United States
12,Darwin Crebott,1996-11-03,dcrebottb@adobe.com,Male,Santa Fe,United States
14,Darell Elloway,1997-03-08,dellowayd@wufoo.com,Female,El Paso,United States
15,Karrie Luety,1995-12-11,kluetye@springer.com,Female,Lincoln,United States
18,Felicity Kimbling,1999-10-01,fkimblingh@imageshack.us,Female,Yonkers,United States
20,Grange Byham,1998-08-08,gbyhamj@acquirethisname.com,Male,Youngstown,United States
23,Daffy D'Ruel,1996-12-10,ddruelm@dot.gov,Female,Orlando,United States
24,Maurice Linklater,1999-07-12,mlinklatern@google.com,Male,Baton Rouge,United States
25,Correy Havis,1998-01-12,chaviso@dell.com,Female,Madison,United States
29,Cicily Peto,1996-02-06,cpetos@un.org,Female,Danbury,United States
30,Patsy Fandrich,1996-09-02,pfandricht@wufoo.com,Male,Roanoke,United States
31,Niki Craster,2000-12-07,ncrasteru@harvard.edu,Male,Sacramento,United States
32,Natasha Scardafield,1996-06-04,nscardafieldv@joomla.org,Female,Charleston,United States
34,Hillyer Copelli,1999-04-06,hcopellix@prnewswire.com,Male,Littleton,United States
35,Riannon Myrkus,1996-04-07,rmyrkusy@baidu.com,Female,Lubbock,United States
36,Hugo Folan,1998-06-07,hfolanz@cbslocal.com,Male,Tallahassee,United States
37,Melodee Giacobillo,1995-03-11,mgiacobillo10@spotify.com,Female,Allentown,United States
43,Lavina Tomaskov,1999-08-12,ltomaskov16@hibu.com,Female,Fort Lauderdale,United States
44,Gaby Ausiello,1997-11-03,gausiello17@europa.eu,Male,Baltimore,United States
46,Marietta Steadman,1997-04-04,msteadman19@sakura.ne.jp,Male,Gainesville,United States
54,Ashley Mattek,1998-04-05,amattek1h@craigslist.org,Female,Bakersfield,United States
55,Merwyn Hake,1998-05-01,mhake1i@woothemes.com,Male,Greeley,United States
56,Zebadiah MacEnelly,1997-03-02,zmacenelly1j@desdev.cn,Male,Fargo,United States
58,Pearla Ewebank,1996-07-11,pewebank1l@vimeo.com,Female,West Palm Beach,United States
60,Babb Walisiak,1997-09-06,bwalisiak1n@senate.gov,Female,Canton,United States
62,Bernardine Ancketill,1996-02-12,bancketill1p@alibaba.com,Female,Orlando,United States
65,Waverley Fern,1996-07-11,wfern1s@jalbum.net,Male,New Orleans,United States
66,Roana Caustick,1997-07-08,rcaustick1t@ow.ly,Female,Milwaukee,United States
68,Franzen Baskwell,1998-12-11,fbaskwell1v@mozilla.com,Male,Philadelphia,United States
76,Rhody Jossum,2000-12-05,rjossum23@cornell.edu,Female,Sacramento,United States
78,Malachi Stroulger,1997-12-01,mstroulger25@umn.edu,Male,Akron,United States
79,Avrom Chipp,1999-04-03,achipp26@msn.com,Male,Knoxville,United States
80,Kendell Franc,2000-10-04,kfranc27@yellowbook.com,Male,El Paso,United States
82,Nathalia Sholl,1998-08-05,nsholl29@npr.org,Female,Tulsa,United States
84,Logan Bentick,1997-12-05,lbentick2b@smh.com.au,Male,Cleveland,United States
91,Ortensia Beavors,1996-04-10,obeavors2i@businessinsider.com,Female,Minneapolis,United States
92,Felipe Sheahan,1998-10-08,fsheahan2j@de.vu,Male,Jamaica,United States
93,Carlo Amsberger,1997-08-10,camsberger2k@bloglovin.com,Male,Sacramento,United States
96,Jeannine Lane,2000-06-07,jlane2n@rediff.com,Female,Oceanside,United States
100,Flory Dennison,1997-01-02,fdennison2r@etsy.com,Female,Mountain View,United States
106,Roddie Longwood,1999-06-11,rlongwood2x@msn.com,Male,New Haven,United States
108,Hazel Artin,1998-12-07,hartin2z@omniture.com,Female,Orlando,United States
111,Conant Wilkowski,1996-10-03,cwilkowski32@livejournal.com,Male,Fairbanks,United States
115,Doralin Fransewich,1998-12-11,dfransewich36@ucoz.com,Female,Gainesville,United States
121,Ase Filyushkin,1998-05-08,afilyushkin3c@google.com.au,Male,Decatur,United States
127,Amble Luney,1997-04-02,aluney3i@imdb.com,Male,Knoxville,United States
129,Neville Cescotti,1996-12-11,ncescotti3k@indiegogo.com,Male,Charlottesville,United States
130,Corbie Extence,1996-06-02,cextence3l@cloudflare.com,Male,Louisville,United States
133,Sadella Bohler,1999-02-11,sbohler3o@nature.com,Female,Washington,United States
134,Hinda McKevany,1996-10-07,hmckevany3p@google.fr,Female,Saint Louis,United States
135,Galvan Danovich,1996-10-04,gdanovich3q@craigslist.org,Male,Sacramento,United States
136,Cyrus Settle,2000-10-08,csettle3r@sciencedirect.com,Male,San Antonio,United States
138,Vonny Neissen,1995-11-11,vneissen3t@stanford.edu,Female,Iowa City,United States
144,Tynan Kidston,1997-08-11,tkidston3z@myspace.com,Male,Great Neck,United States
145,Britteny Sanz,1999-05-12,bsanz40@drupal.org,Female,Stamford,United States
159,Warner Wearden,1999-03-06,wwearden4e@drupal.org,Male,Salt Lake City,United States
161,Pavla Guidera,2000-12-01,pguidera4g@java.com,Female,Kansas City,United States
162,Ruben Summerell,1999-08-06,rsummerell4h@mlb.com,Male,Lincoln,United States
171,Johny McMennum,1999-02-07,jmcmennum4q@forbes.com,Male,Gainesville,United States
176,Balduin Bamb,1998-02-01,bbamb4v@icio.us,Male,Lexington,United States
182,Muffin Lapenna,1997-01-10,mlapenna51@tiny.cc,Female,Memphis,United States
183,Leona Robken,1999-03-11,lrobken52@dion.ne.jp,Female,Bronx,United States
189,Myrtice Jedryka,1996-10-04,mjedryka58@arizona.edu,Female,Charleston,United States
191,Allison Eric,1999-06-07,aeric5a@si.edu,Female,Silver Spring,United States
200,Neddie Niccolls,2000-12-01,nniccolls5j@seattletimes.com,Male,Allentown,United States
201,Lila Challis,1996-07-02,lchallis5k@hhs.gov,Female,Washington,United States
202,Felisha Beard,1997-03-09,fbeard5l@ezinearticles.com,Female,Madison,United States
205,Haslett Pundy,1998-07-10,hpundy5o@lulu.com,Male,Round Rock,United States
207,Hobey Schoenleiter,1999-12-10,hschoenleiter5q@usda.gov,Male,Phoenix,United States
211,Jodi Jekyll,1996-11-02,jjekyll5u@mysql.com,Female,Charleston,United States
212,Zaneta Sulland,2000-01-01,zsulland5v@ed.gov,Female,Philadelphia,United States
213,Katee Verdie,1999-03-09,kverdie5w@hc360.com,Female,Pittsburgh,United States
217,Evelin Greggs,1998-02-02,egreggs60@ow.ly,Male,Greensboro,United States
218,Kamila Corder,1999-05-07,kcorder61@boston.com,Female,Erie,United States
219,Etty Hugin,2000-12-03,ehugin62@squidoo.com,Female,New York City,United States
224,Tirrell Dibbin,1999-11-07,tdibbin67@nymag.com,Male,London,United States
225,Turner Siemens,1996-05-09,tsiemens68@over-blog.com,Male,Miami,United States
226,Tabb Bertram,1998-03-12,tbertram69@exblog.jp,Male,Saint Paul,United States
228,Jeffie Messham,1996-11-06,jmessham6b@free.fr,Male,Portland,United States
231,Andriette Carus,1999-10-08,acarus6e@apple.com,Female,Charleston,United States
233,Catherin Lloyd-Williams,2000-05-08,clloydwilliams6g@msu.edu,Female,Washington,United States
234,Jacqueline Lenoir,1999-11-12,jlenoir6h@hatena.ne.jp,Female,Washington,United States
235,Taylor Gepp,1996-11-03,tgepp6i@plala.or.jp,Male,Pasadena,United States
237,Herrick Hullyer,1996-01-05,hhullyer6k@sfgate.com,Male,Portland,United States
238,Lindsay Blazewski,1999-08-09,lblazewski6l@com.com,Male,Evansville,United States
240,Briggs Tasseler,1999-01-04,btasseler6n@sitemeter.com,Male,Washington,United States
241,Galven Daintry,1999-06-03,gdaintry6o@sohu.com,Male,Trenton,United States
242,Onfroi Gillingham,1998-08-11,ogillingham6p@upenn.edu,Male,Lafayette,United States
246,Birch Newitt,1996-08-02,bnewitt6t@spotify.com,Male,Bronx,United States
253,Karlie Hayhurst,1997-12-12,khayhurst70@jimdo.com,Female,Portland,United States
254,Glenden Pischoff,1997-11-07,gpischoff71@loc.gov,Male,New York City,United States
255,Wilow Gerding,2000-12-04,wgerding72@bing.com,Female,Little Rock,United States
257,Philis Meredyth,1996-07-02,pmeredyth74@answers.com,Female,Washington,United States
258,Ward Perott,1998-08-12,wperott75@epa.gov,Male,Chico,United States
259,Raine Wagerfield,1999-07-06,rwagerfield76@uiuc.edu,Female,Cleveland,United States
260,Nerti Antonowicz,1998-05-02,nantonowicz77@xrea.com,Female,Conroe,United States
265,Anatollo Showering,1998-04-12,ashowering7c@mediafire.com,Male,Jacksonville,United States
267,Harv De Normanville,1999-03-12,hde7e@reference.com,Male,El Paso,United States
270,Randi Brockington,1999-10-06,rbrockington7h@hexun.com,Male,Vancouver,United States
271,Ignacius Locksley,1997-01-08,ilocksley7i@comsenz.com,Male,Charlotte,United States
272,Ardine Stonelake,1999-04-08,astonelake7j@ezinearticles.com,Female,New York City,United States
275,Harrie Aucoate,1997-06-08,haucoate7m@de.vu,Female,Atlanta,United States
281,Arabella Cosgrove,2000-07-07,acosgrove7s@indiegogo.com,Female,Denver,United States
283,Philippine Thiese,1996-08-09,pthiese7u@latimes.com,Female,Houston,United States
284,Gwen Mackleden,1996-12-08,gmackleden7v@cnet.com,Female,Buffalo,United States
285,Ransell Navein,2000-04-02,rnavein7w@dagondesign.com,Male,Kansas City,United States
287,Bartram Lambarton,1996-02-07,blambarton7y@cbc.ca,Male,Phoenix,United States
288,Penelopa Poone,1998-07-05,ppoone7z@woothemes.com,Female,Terre Haute,United States
290,Rhoda Chaloner,1997-10-02,rchaloner81@nsw.gov.au,Female,Saint Joseph,United States
293,Nancey Favel,1995-04-11,nfavel84@harvard.edu,Female,Detroit,United States
297,Skipp Reilingen,2000-09-08,sreilingen88@multiply.com,Male,Houston,United States
304,Florie Quimby,1997-12-05,fquimby8f@artisteer.com,Female,Richmond,United States
305,Thor Bowland,1999-07-02,tbowland8g@stumbleupon.com,Male,Jackson,United States
306,Darren Salamon,1996-07-07,dsalamon8h@prnewswire.com,Male,Sacramento,United States
307,Myrlene O'Shavlan,1999-04-06,moshavlan8i@theatlantic.com,Female,Winter Haven,United States
308,Antonio Danielot,1999-02-12,adanielot8j@nsw.gov.au,Male,Oklahoma City,United States
313,Gnni Reddihough,1998-04-06,greddihough8o@dot.gov,Female,Paterson,United States
317,Fiona Dumberrill,1998-11-07,fdumberrill8s@sitemeter.com,Female,Racine,United States
318,Eddy Whardley,1998-10-02,ewhardley8t@livejournal.com,Male,Macon,United States
324,Gilburt Akram,1998-09-02,gakram8z@naver.com,Male,Newton,United States
325,Cooper Colquete,1998-10-06,ccolquete90@is.gd,Male,Grand Rapids,United States
327,Garwin Spurman,1997-08-11,gspurman92@marketwatch.com,Male,New Orleans,United States
329,Idaline Curzon,1999-02-04,icurzon94@squidoo.com,Female,Buffalo,United States
330,Giordano Hourihan,2000-04-10,ghourihan95@pbs.org,Male,Sacramento,United States
333,Gerri Sword,1995-05-11,gsword98@blogs.com,Female,New York City,United States
338,Analiese Ricoald,1999-10-02,aricoald9d@artisteer.com,Female,Cincinnati,United States
339,Arnaldo Peers,1997-05-03,apeers9e@flickr.com,Male,Beaufort,United States
340,Horton Escudier,1997-05-10,hescudier9f@vistaprint.com,Male,Punta Gorda,United States
342,Pepi Rayner,1998-06-10,prayner9h@twitpic.com,Female,Tucson,United States
347,Philippe Guittet,2000-11-02,pguittet9m@soundcloud.com,Female,Dallas,United States
357,Constancia Lemary,1998-10-03,clemary9w@imageshack.us,Female,Fullerton,United States
358,Towney Winter,1999-09-12,twinter9x@ihg.com,Male,Portland,United States
361,Arie Ollerhead,2000-03-01,aollerheada0@smh.com.au,Male,Dallas,United States
364,Guenevere Nutting,2000-04-06,gnuttinga3@pbs.org,Female,Decatur,United States
366,Elise Withringten,1999-08-08,ewithringtena5@usda.gov,Female,Oceanside,United States
369,Wynn Dougal,2000-12-01,wdougala8@hibu.com,Male,Louisville,United States
375,Stacia Marion,1996-03-04,smarionae@discuz.net,Female,Saint Louis,United States
377,Waring Baden,1996-02-04,wbadenag@cocolog-nifty.com,Male,New Bedford,United States
378,Aime Dunthorn,1998-08-07,adunthornah@prlog.org,Female,Fort Worth,United States
381,Kahlil Collison,1999-05-07,kcollisonak@narod.ru,Male,Chicago,United States
387,Karlotte Thireau,1997-12-03,kthireauaq@independent.co.uk,Female,Warren,United States
389,Pearl Lafont,1998-06-07,plafontas@nbcnews.com,Female,Shreveport,United States
390,Smith Apark,1997-07-04,saparkat@berkeley.edu,Male,Houston,United States
392,Arnie Craney,1996-01-11,acraneyav@sphinn.com,Male,Charleston,United States
393,Merrill Polden,1998-10-05,mpoldenaw@usgs.gov,Male,Newport News,United States
398,Chad Mostin,1997-12-11,cmostinb1@people.com.cn,Male,Richmond,United States
399,Yule Alner,1999-12-02,yalnerb2@google.nl,Male,Shawnee Mission,United States
400,Boonie Towhey,1997-01-05,btowheyb3@apple.com,Male,Kansas City,United States
407,Timmie Rickett,1997-05-07,trickettba@wix.com,Female,San Jose,United States
410,Cecelia Bougen,2000-04-02,cbougenbd@yahoo.com,Female,Houston,United States
411,Giles Offell,1996-07-02,goffellbe@liveinternet.ru,Male,Lincoln,United States
417,Otho Harg,1997-10-05,ohargbk@house.gov,Male,Sioux Falls,United States
418,Anallise Hulmes,1997-06-03,ahulmesbl@plala.or.jp,Female,Durham,United States
419,Madelin Bahlmann,1997-04-02,mbahlmannbm@1688.com,Female,Miami,United States
422,Donn Whitmell,1996-01-06,dwhitmellbp@lycos.com,Male,Houston,United States
424,Caritta Guerola,1997-10-03,cguerolabr@mit.edu,Female,Palatine,United States
426,Harwilll Meritt,1998-07-05,hmerittbt@nature.com,Male,Kansas City,United States
427,Lindsey Python,1997-10-08,lpythonbu@elpais.com,Male,Erie,United States
428,Jeremiah Seaborn,1996-01-09,jseabornbv@fotki.com,Male,Fresno,United States
434,Dennis Betchley,1998-01-08,dbetchleyc1@shinystat.com,Male,Inglewood,United States
435,Nye Foxten,1999-11-01,nfoxtenc2@hostgator.com,Male,Saint Louis,United States
439,Mina Jeanesson,1997-10-06,mjeanessonc6@goo.ne.jp,Female,Gatesville,United States
449,Annecorinne Lacasa,1998-09-04,alacasacg@photobucket.com,Female,Washington,United States
450,Ebba Maclaine,1999-05-05,emaclainech@archive.org,Female,New York City,United States
458,Cherianne Eblein,1996-04-09,cebleincp@ftc.gov,Female,Houston,United States
461,Carlo Pattemore,1997-08-09,cpattemorecs@flavors.me,Male,Columbus,United States
469,Nealon Springle,1999-09-11,nspringled0@icio.us,Male,Murfreesboro,United States
470,Marjory Troy,1998-04-07,mtroyd1@is.gd,Female,Columbia,United States
471,Irene Salzberger,1999-11-07,isalzbergerd2@arstechnica.com,Female,Naperville,United States
474,Dev Calwell,1999-12-12,dcalwelld5@vinaora.com,Male,Washington,United States
475,Alberto Hodgon,1999-11-05,ahodgond6@amazonaws.com,Male,Greensboro,United States
478,Tybi Mangion,1996-10-12,tmangiond9@pinterest.com,Female,Houston,United States
479,Feliks Mewhirter,1998-10-12,fmewhirterda@blogger.com,Male,Cincinnati,United States
482,Rutledge Gradwell,1997-01-07,rgradwelldd@webnode.com,Male,Omaha,United States
483,Emmott Brakewell,1995-09-12,ebrakewellde@nps.gov,Male,Lexington,United States
484,Johnath Sexstone,2000-05-03,jsexstonedf@bizjournals.com,Female,San Diego,United States
486,Maury Bortoli,1997-12-03,mbortolidh@list-manage.com,Male,Beaumont,United States
488,Dougy Battershall,1995-10-12,dbattershalldj@mayoclinic.com,Male,Toledo,United States
490,Peggy Gutans,1996-01-10,pgutansdl@seesaa.net,Female,Washington,United States
492,Valma Covolini,1997-08-08,vcovolinidn@washingtonpost.com,Female,Saint Petersburg,United States
493,Patrizio Forst,1996-03-06,pforstdo@businessinsider.com,Male,Fresno,United States
500,Mitchell Titta,1997-09-11,mtittadv@shareasale.com,Male,Los Angeles,United States
